model;train_metrics;test_metrics
MLP_mi;{'precision': 0.9657615112160567, 'recall': 0.9741961095672886, 'f1-score': 0.9699604743083003, 'support': 2519.0};{'precision': 0.2876712328767123, 'recall': 0.32558139534883723, 'f1-score': 0.3054545454545455, 'support': 129.0}
MLP_mi;{'precision': 0.9822274881516587, 'recall': 0.9872965462485113, 'f1-score': 0.9847554939615918, 'support': 2519.0};{'precision': 0.46311475409836067, 'recall': 0.6420454545454546, 'f1-score': 0.5380952380952381, 'support': 176.0}
MLP_mi;{'precision': 0.9690074539034915, 'recall': 0.9805478364430329, 'f1-score': 0.9747434885556433, 'support': 2519.0};{'precision': 0.6905187835420393, 'recall': 0.603125, 'f1-score': 0.6438698915763136, 'support': 640.0}
MLP_mi;{'precision': 0.9951159951159951, 'recall': 0.9706232631996824, 'f1-score': 0.9827170418006431, 'support': 2519.0};{'precision': 0.19230769230769232, 'recall': 0.29411764705882354, 'f1-score': 0.23255813953488372, 'support': 34.0}
MLP_mi;{'precision': 0.994435612082671, 'recall': 0.9932512901945216, 'f1-score': 0.9938430983118173, 'support': 2519.0};{'precision': 0.3394495412844037, 'recall': 0.2824427480916031, 'f1-score': 0.30833333333333335, 'support': 131.0}
