model;train_metrics;test_metrics
XGBoost_mi;{'precision': 0.9916798732171157, 'recall': 0.9936482731242556, 'f1-score': 0.992663097362681, 'support': 2519.0};{'precision': 0.1935483870967742, 'recall': 0.046511627906976744, 'f1-score': 0.075, 'support': 129.0}
XGBoost_mi;{'precision': 0.9948392219134577, 'recall': 0.9948392219134577, 'f1-score': 0.9948392219134577, 'support': 2519.0};{'precision': 0.5463917525773195, 'recall': 0.30113636363636365, 'f1-score': 0.3882783882783883, 'support': 176.0}
XGBoost_mi;{'precision': 0.9944111776447105, 'recall': 0.9888844779674474, 'f1-score': 0.991640127388535, 'support': 2519.0};{'precision': 0.5894736842105263, 'recall': 0.875, 'f1-score': 0.7044025157232704, 'support': 640.0}
XGBoost_mi;{'precision': 0.9976218787158145, 'recall': 0.999206034140532, 'f1-score': 0.9984133280444268, 'support': 2519.0};{'precision': 0.05, 'recall': 0.029411764705882353, 'f1-score': 0.037037037037037035, 'support': 34.0}
XGBoost_mi;{'precision': 0.9980190174326465, 'recall': 1.0, 'f1-score': 0.9990085266706326, 'support': 2519.0};{'precision': 0.3333333333333333, 'recall': 0.030534351145038167, 'f1-score': 0.055944055944055944, 'support': 131.0}
