model;train_metrics;test_metrics
MLP_rf;{'precision': 0.9784860557768924, 'recall': 0.9749900754267566, 'f1-score': 0.9767349373632929, 'support': 2519.0};{'precision': 0.22535211267605634, 'recall': 0.12403100775193798, 'f1-score': 0.16, 'support': 129.0}
MLP_rf;{'precision': 0.9842890809112333, 'recall': 0.9948392219134577, 'f1-score': 0.9895360315893386, 'support': 2519.0};{'precision': 0.4911242603550296, 'recall': 0.4715909090909091, 'f1-score': 0.4811594202898551, 'support': 176.0}
MLP_rf;{'precision': 0.9855711422845691, 'recall': 0.9761810242159588, 'f1-score': 0.9808536098923015, 'support': 2519.0};{'precision': 0.648910411622276, 'recall': 0.8375, 'f1-score': 0.7312414733969986, 'support': 640.0}
MLP_rf;{'precision': 0.9901341752170482, 'recall': 0.9960301707026598, 'f1-score': 0.9930734217296655, 'support': 2519.0};{'precision': 0.28205128205128205, 'recall': 0.3235294117647059, 'f1-score': 0.3013698630136986, 'support': 34.0}
MLP_rf;{'precision': 0.996414342629482, 'recall': 0.9928543072647876, 'f1-score': 0.9946311393915291, 'support': 2519.0};{'precision': 0.4, 'recall': 0.015267175572519083, 'f1-score': 0.029411764705882353, 'support': 131.0}
