model;train_metrics;test_metrics
MLP_pca;{'precision': 0.9786634460547504, 'recall': 0.9650655021834061, 'f1-score': 0.9718169098540875, 'support': 2519.0};{'precision': 0.0784313725490196, 'recall': 0.12403100775193798, 'f1-score': 0.0960960960960961, 'support': 129.0}
MLP_pca;{'precision': 0.9869203329369798, 'recall': 0.9884874950377134, 'f1-score': 0.9877032923443078, 'support': 2519.0};{'precision': 0.41975308641975306, 'recall': 0.19318181818181818, 'f1-score': 0.26459143968871596, 'support': 176.0}
MLP_pca;{'precision': 0.9787234042553191, 'recall': 0.9678443826915443, 'f1-score': 0.973253493013972, 'support': 2519.0};{'precision': 0.6149870801033591, 'recall': 0.74375, 'f1-score': 0.6732673267326733, 'support': 640.0}
MLP_pca;{'precision': 0.9877032923443078, 'recall': 0.9884874950377134, 'f1-score': 0.9880952380952381, 'support': 2519.0};{'precision': 0.14285714285714285, 'recall': 0.17647058823529413, 'f1-score': 0.15789473684210525, 'support': 34.0}
MLP_pca;{'precision': 0.9767080745341615, 'recall': 0.9988090512107979, 'f1-score': 0.9876349362119725, 'support': 2519.0};{'precision': 0.4444444444444444, 'recall': 0.030534351145038167, 'f1-score': 0.05714285714285714, 'support': 131.0}
