model;train_metrics;test_metrics
MLP_rfe;{'precision': 0.9416312330885195, 'recall': 0.9670504168320763, 'f1-score': 0.954171562867215, 'support': 2519.0};{'precision': 0.4652777777777778, 'recall': 0.5193798449612403, 'f1-score': 0.4908424908424908, 'support': 129.0}
MLP_rfe;{'precision': 0.9888659793814433, 'recall': 0.9519650655021834, 'f1-score': 0.9700647249190939, 'support': 2519.0};{'precision': 0.631578947368421, 'recall': 0.3409090909090909, 'f1-score': 0.44280442804428044, 'support': 176.0}
MLP_rfe;{'precision': 0.9612086565945284, 'recall': 0.9344978165938864, 'f1-score': 0.9476650563607085, 'support': 2519.0};{'precision': 0.6615186615186616, 'recall': 0.803125, 'f1-score': 0.7254763585038815, 'support': 640.0}
MLP_rfe;{'precision': 0.966396292004635, 'recall': 0.9932512901945216, 'f1-score': 0.9796397807361003, 'support': 2519.0};{'precision': 0.029850746268656716, 'recall': 0.058823529411764705, 'f1-score': 0.039603960396039604, 'support': 34.0}
MLP_rfe;{'precision': 0.9827111984282908, 'recall': 0.9928543072647876, 'f1-score': 0.9877567140600316, 'support': 2519.0};{'precision': 0.4444444444444444, 'recall': 0.0916030534351145, 'f1-score': 0.1518987341772152, 'support': 131.0}
