Model;CV_Score;Training_Type;Train_Avg_Metrics;Test_Avg_Metrics
Naive Bayes_none;0.40969248819198967;Optuna;{'weighted avg': {'precision': 0.6440401104782314, 'recall': 0.33271245634458674, 'f1-score': 0.33166042835216897, 'support': 4295.0}, 'balanced_accuracy': {'precision': 0.5513020169233982, 'recall': 0.5513020169233982, 'f1-score': 0.5513020169233982, 'support': 4295.0}, 'accuracy': {'precision': 0.33271245634458674, 'recall': 0.33271245634458674, 'f1-score': 0.33271245634458674, 'support': 4295.0}, 'kappa': {'precision': 0.20599534800316333, 'recall': 0.20599534800316333, 'f1-score': 0.20599534800316333, 'support': 4295.0}};{'weighted avg': {'precision': 0.6580781842597822, 'recall': 0.35772357723577236, 'f1-score': 0.3588399724869003, 'support': 1230.0}, 'balanced_accuracy': {'precision': 0.3484073820915926, 'recall': 0.3484073820915926, 'f1-score': 0.3484073820915926, 'support': 1230.0}, 'accuracy': {'precision': 0.35772357723577236, 'recall': 0.35772357723577236, 'f1-score': 0.35772357723577236, 'support': 1230.0}, 'kappa': {'precision': 0.18019509281335566, 'recall': 0.18019509281335566, 'f1-score': 0.18019509281335566, 'support': 1230.0}}
