Model;CV_Score;Training_Type;Train_Avg_Metrics;Test_Avg_Metrics
Random Forest_none;0.3528726741029236;Optuna;{'weighted avg': {'precision': 0.9202866066692988, 'recall': 0.9124563445867288, 'f1-score': 0.9136957860808935, 'support': 4295.0}, 'balanced_accuracy': {'precision': 0.9371278358677742, 'recall': 0.9371278358677742, 'f1-score': 0.9371278358677742, 'support': 4295.0}, 'accuracy': {'precision': 0.9124563445867288, 'recall': 0.9124563445867288, 'f1-score': 0.9124563445867288, 'support': 4295.0}, 'kappa': {'precision': 0.8657940995011115, 'recall': 0.8657940995011115, 'f1-score': 0.8657940995011115, 'support': 4295.0}};{'weighted avg': {'precision': 0.6286202182766809, 'recall': 0.6788617886178862, 'f1-score': 0.6364439313351238, 'support': 1230.0}, 'balanced_accuracy': {'precision': 0.31563748944553893, 'recall': 0.31563748944553893, 'f1-score': 0.31563748944553893, 'support': 1230.0}, 'accuracy': {'precision': 0.6788617886178862, 'recall': 0.6788617886178862, 'f1-score': 0.6788617886178862, 'support': 1230.0}, 'kappa': {'precision': 0.2831184237901102, 'recall': 0.2831184237901102, 'f1-score': 0.2831184237901102, 'support': 1230.0}}
